trial,testing,parameters,initial_deadline,final_deadline,net_reward,actions,success
1,False,"{'a': 0.5, 'e': 1.0}",20,3,-45.597692575260034,"{0: 11, 1: 0, 2: 6, 3: 0, 4: 0}",1
2,False,"{'a': 0.5, 'e': 0.5}",35,0,-126.02026854756035,"{0: 24, 1: 1, 2: 7, 3: 2, 4: 1}",0
3,False,"{'a': 0.5, 'e': 0.36481689431254416}",25,0,-158.83957366947658,"{0: 16, 1: 2, 2: 3, 3: 1, 4: 3}",0
4,False,"{'a': 0.5, 'e': 0.29340788602311374}",30,0,-40.39289081828937,"{0: 24, 1: 1, 2: 3, 3: 2, 4: 0}",0
5,False,"{'a': 0.5, 'e': 0.24805074696865662}",25,12,-22.64219739250531,"{0: 12, 1: 0, 2: 0, 3: 0, 4: 1}",1
6,False,"{'a': 0.5, 'e': 0.21626773149901796}",20,14,9.421758029756315,"{0: 6, 1: 0, 2: 0, 3: 0, 4: 0}",1
7,False,"{'a': 0.5, 'e': 0.1925682997045142}",30,0,-35.61954392361688,"{0: 26, 1: 2, 2: 0, 3: 1, 4: 1}",0
8,False,"{'a': 0.5, 'e': 0.17411664204058452}",25,0,-61.78353191407595,"{0: 20, 1: 0, 2: 3, 3: 1, 4: 1}",0
9,False,"{'a': 0.5, 'e': 0.15928559409228402}",20,2,-22.528694118159855,"{0: 16, 1: 0, 2: 1, 3: 0, 4: 1}",1
10,False,"{'a': 0.5, 'e': 0.14706863960856215}",20,0,7.519554905828537,"{0: 18, 1: 1, 2: 1, 3: 0, 4: 0}",0
11,False,"{'a': 0.5, 'e': 0.13680688860321}",30,9,-15.009225032716529,"{0: 17, 1: 2, 2: 1, 3: 1, 4: 0}",1
12,False,"{'a': 0.5, 'e': 0.1280494475333181}",30,0,1.7505715471766825,"{0: 27, 1: 0, 2: 3, 3: 0, 4: 0}",0
13,False,"{'a': 0.5, 'e': 0.12047652654903125}",25,0,16.605616070260734,"{0: 23, 1: 0, 2: 2, 3: 0, 4: 0}",0
14,False,"{'a': 0.5, 'e': 0.11385453581166417}",25,11,21.711937793937366,"{0: 14, 1: 0, 2: 0, 3: 0, 4: 0}",1
15,False,"{'a': 0.5, 'e': 0.10800857822674845}",20,0,33.17626521120028,"{0: 20, 1: 0, 2: 0, 3: 0, 4: 0}",0
16,False,"{'a': 0.5, 'e': 0.1028049150399229}",30,0,-55.3582549471213,"{0: 26, 1: 0, 2: 1, 3: 2, 4: 1}",0
17,False,"{'a': 0.5, 'e': 0.09813940601367187}",20,4,-28.71617185475935,"{0: 14, 1: 1, 2: 0, 3: 0, 4: 1}",1
18,False,"{'a': 0.5, 'e': 0.09392966523155126}",25,0,32.16910538959531,"{0: 25, 1: 0, 2: 0, 3: 0, 4: 0}",0
19,False,"{'a': 0.5, 'e': 0.09010960321088542}",20,0,18.235316022556606,"{0: 19, 1: 1, 2: 0, 3: 0, 4: 0}",0
20,False,"{'a': 0.5, 'e': 0.0866255450880921}",30,9,34.77626540011995,"{0: 21, 1: 0, 2: 0, 3: 0, 4: 0}",1
21,False,"{'a': 0.5, 'e': 0.0834334156572177}",25,17,15.022292045201311,"{0: 8, 1: 0, 2: 0, 3: 0, 4: 0}",1
22,False,"{'a': 0.5, 'e': 0.08049666247123587}",20,12,-38.95767859988628,"{0: 6, 1: 0, 2: 1, 3: 0, 4: 1}",1
23,False,"{'a': 0.5, 'e': 0.07778469956691386}",20,0,-19.258183065160914,"{0: 18, 1: 0, 2: 1, 3: 0, 4: 1}",0
24,False,"{'a': 0.5, 'e': 0.07527172490091819}",20,0,27.533545607319777,"{0: 20, 1: 0, 2: 0, 3: 0, 4: 0}",0
25,False,"{'a': 0.5, 'e': 0.0729358103049828}",20,1,28.09024903429831,"{0: 19, 1: 0, 2: 0, 3: 0, 4: 0}",1
26,False,"{'a': 0.5, 'e': 0.07075819303401062}",25,0,29.40762322864527,"{0: 25, 1: 0, 2: 0, 3: 0, 4: 0}",0
27,False,"{'a': 0.5, 'e': 0.06872271840042}",20,5,25.378990253947638,"{0: 15, 1: 0, 2: 0, 3: 0, 4: 0}",1
28,False,"{'a': 0.5, 'e': 0.06681539700436782}",20,14,10.780730075159937,"{0: 6, 1: 0, 2: 0, 3: 0, 4: 0}",1
29,False,"{'a': 0.5, 'e': 0.06502404984375806}",25,17,2.709642181373804,"{0: 7, 1: 0, 2: 1, 3: 0, 4: 0}",1
30,False,"{'a': 0.5, 'e': 0.0633380215036109}",30,12,26.288388534750123,"{0: 18, 1: 0, 2: 0, 3: 0, 4: 0}",1
31,False,"{'a': 0.5, 'e': 0.06174794658329308}",20,0,-20.274030264849177,"{0: 18, 1: 0, 2: 1, 3: 0, 4: 1}",0
32,False,"{'a': 0.5, 'e': 0.06024555812015386}",35,18,-3.0791663547221604,"{0: 15, 1: 1, 2: 0, 3: 1, 4: 0}",1
33,False,"{'a': 0.5, 'e': 0.05882352941176469}",20,0,-11.410799667698306,"{0: 17, 1: 0, 2: 2, 3: 1, 4: 0}",0
34,False,"{'a': 0.5, 'e': 0.05747534260110289}",20,12,13.355459698606467,"{0: 8, 1: 0, 2: 0, 3: 0, 4: 0}",1
35,False,"{'a': 0.5, 'e': 0.056195178859882136}",20,2,26.092501304252472,"{0: 18, 1: 0, 2: 0, 3: 0, 4: 0}",1
36,False,"{'a': 0.5, 'e': 0.05497782611811456}",30,18,15.06930506801865,"{0: 11, 1: 1, 2: 0, 3: 0, 4: 0}",1
37,False,"{'a': 0.5, 'e': 0.05381860113737445}",25,0,-28.476983872838503,"{0: 22, 1: 1, 2: 0, 3: 1, 4: 1}",0
38,False,"{'a': 0.5, 'e': 0.05271328337883261}",20,3,11.869296360222183,"{0: 16, 1: 0, 2: 1, 3: 0, 4: 0}",1
39,False,"{'a': 0.5, 'e': 0.05165805862394992}",25,14,-66.45881379287981,"{0: 8, 1: 0, 2: 0, 3: 2, 4: 1}",1
40,False,"{'a': 0.5, 'e': 0.050649470701582266}",20,12,13.333860351535352,"{0: 8, 1: 0, 2: 0, 3: 0, 4: 0}",1
41,False,"{'a': 0.5, 'e': 0.049684379986567204}",20,4,2.392756216371039,"{0: 15, 1: 0, 2: 0, 3: 1, 4: 0}",1
42,False,"{'a': 0.5, 'e': 0.04875992758128258}",25,20,8.59949546880608,"{0: 5, 1: 0, 2: 0, 3: 0, 4: 0}",1
43,False,"{'a': 0.5, 'e': 0.04787350428791568}",25,4,34.432029225716676,"{0: 21, 1: 0, 2: 0, 3: 0, 4: 0}",1
44,False,"{'a': 0.5, 'e': 0.04702272363638439}",30,19,18.34140056325813,"{0: 11, 1: 0, 2: 0, 3: 0, 4: 0}",1
45,False,"{'a': 0.5, 'e': 0.046205398359474556}",25,11,0.10447374714707114,"{0: 12, 1: 0, 2: 2, 3: 0, 4: 0}",1
46,False,"{'a': 0.5, 'e': 0.045419519809286144}",20,7,-0.7746035231777961,"{0: 11, 1: 0, 2: 2, 3: 0, 4: 0}",1
47,False,"{'a': 0.5, 'e': 0.04466323989251531}",35,12,33.71263113656788,"{0: 22, 1: 1, 2: 0, 3: 0, 4: 0}",1
48,False,"{'a': 0.5, 'e': 0.043934855170320884}",30,9,-15.297010105455838,"{0: 19, 1: 1, 2: 0, 3: 0, 4: 1}",1
49,False,"{'a': 0.5, 'e': 0.04323279282455939}",20,2,-18.88151482261488,"{0: 17, 1: 0, 2: 0, 3: 0, 4: 1}",1
50,False,"{'a': 0.5, 'e': 0.042555598238401174}",25,1,24.265665967547502,"{0: 23, 1: 0, 2: 1, 3: 0, 4: 0}",1
51,False,"{'a': 0.5, 'e': 0.041901923977635085}",20,3,-15.189585411108629,"{0: 15, 1: 0, 2: 0, 3: 2, 4: 0}",1
52,False,"{'a': 0.5, 'e': 0.04127051999082008}",20,13,13.364098020497597,"{0: 7, 1: 0, 2: 0, 3: 0, 4: 0}",1
53,False,"{'a': 0.5, 'e': 0.040660224873033585}",20,14,-29.783666360148292,"{0: 5, 1: 0, 2: 0, 3: 0, 4: 1}",1
54,False,"{'a': 0.5, 'e': 0.04006995806024917}",25,0,32.78561490280571,"{0: 25, 1: 0, 2: 0, 3: 0, 4: 0}",0
55,False,"{'a': 0.5, 'e': 0.039498712840113005}",25,20,8.993354674604323,"{0: 5, 1: 0, 2: 0, 3: 0, 4: 0}",1
56,False,"{'a': 0.5, 'e': 0.038945550080698374}",25,7,18.01821119894895,"{0: 17, 1: 0, 2: 1, 3: 0, 4: 0}",1
57,False,"{'a': 0.5, 'e': 0.03840959259219974}",25,11,14.78160530195581,"{0: 13, 1: 1, 2: 0, 3: 0, 4: 0}",1
58,False,"{'a': 0.5, 'e': 0.03789002004789137}",20,9,19.427109084423186,"{0: 11, 1: 0, 2: 0, 3: 0, 4: 0}",1
59,False,"{'a': 0.5, 'e': 0.03738606440035362}",25,11,26.35086883099249,"{0: 14, 1: 0, 2: 0, 3: 0, 4: 0}",1
60,False,"{'a': 0.5, 'e': 0.036897005737237094}",25,18,14.546070863953785,"{0: 7, 1: 0, 2: 0, 3: 0, 4: 0}",1
61,False,"{'a': 0.5, 'e': 0.036422168527915126}",25,18,13.840205194418989,"{0: 7, 1: 0, 2: 0, 3: 0, 4: 0}",1
62,False,"{'a': 0.5, 'e': 0.035960918218457386}",35,4,42.19625135276003,"{0: 30, 1: 1, 2: 0, 3: 0, 4: 0}",1
63,False,"{'a': 0.5, 'e': 0.035512658137593855}",20,0,28.095105455234773,"{0: 20, 1: 0, 2: 0, 3: 0, 4: 0}",1
64,False,"{'a': 0.5, 'e': 0.03507682668085938}",20,0,-61.457935278051565,"{0: 17, 1: 1, 2: 0, 3: 0, 4: 2}",0
65,False,"{'a': 0.5, 'e': 0.03465289474402162}",25,5,23.336343889795696,"{0: 20, 1: 0, 2: 0, 3: 0, 4: 0}",1
66,False,"{'a': 0.5, 'e': 0.03424036338028846}",20,11,13.911856319895351,"{0: 9, 1: 0, 2: 0, 3: 0, 4: 0}",1
67,False,"{'a': 0.5, 'e': 0.03383876165874181}",30,15,-13.727516166390824,"{0: 14, 1: 0, 2: 0, 3: 0, 4: 1}",1
68,False,"{'a': 0.5, 'e': 0.03344764470401508}",30,20,11.103885325250438,"{0: 9, 1: 1, 2: 0, 3: 0, 4: 0}",1
69,False,"{'a': 0.5, 'e': 0.03306659189947672}",25,11,25.9691845922192,"{0: 14, 1: 0, 2: 0, 3: 0, 4: 0}",1
70,False,"{'a': 0.5, 'e': 0.03269520523814622}",25,8,-7.881891528301466,"{0: 14, 1: 0, 2: 3, 3: 0, 4: 0}",1
71,False,"{'a': 0.5, 'e': 0.03233310780729098}",25,20,9.010546355643008,"{0: 5, 1: 0, 2: 0, 3: 0, 4: 0}",1
72,False,"{'a': 0.5, 'e': 0.03197994239416546}",25,11,3.0913808179033317,"{0: 13, 1: 0, 2: 0, 3: 1, 4: 0}",1
73,False,"{'a': 0.5, 'e': 0.031635370201685255}",25,0,38.916066182761284,"{0: 25, 1: 0, 2: 0, 3: 0, 4: 0}",0
74,False,"{'a': 0.5, 'e': 0.031299069664002914}",25,1,30.18971094747677,"{0: 24, 1: 0, 2: 0, 3: 0, 4: 0}",1
75,False,"{'a': 0.5, 'e': 0.030970735352989255}",20,12,7.031460443098745,"{0: 7, 1: 1, 2: 0, 3: 0, 4: 0}",1
76,False,"{'a': 0.5, 'e': 0.03065007696754162}",30,10,-12.421345738944485,"{0: 19, 1: 0, 2: 0, 3: 0, 4: 1}",1
77,False,"{'a': 0.5, 'e': 0.030336818398453744}",25,11,23.103447848424537,"{0: 14, 1: 0, 2: 0, 3: 0, 4: 0}",1
78,False,"{'a': 0.5, 'e': 0.030030696862304203}",30,0,44.51426382681983,"{0: 30, 1: 0, 2: 0, 3: 0, 4: 0}",0
79,False,"{'a': 0.5, 'e': 0.02973146209846218}",20,4,26.78291392618837,"{0: 16, 1: 0, 2: 0, 3: 0, 4: 0}",1
80,False,"{'a': 0.5, 'e': 0.02943887562388161}",20,0,16.362348538313498,"{0: 19, 1: 0, 2: 1, 3: 0, 4: 0}",0
81,False,"{'a': 0.5, 'e': 0.029152710040864324}",25,0,36.88429472692744,"{0: 25, 1: 0, 2: 0, 3: 0, 4: 0}",0
82,False,"{'a': 0.5, 'e': 0.028872748393428863}",20,0,-27.319679411704794,"{0: 18, 1: 0, 2: 1, 3: 0, 4: 1}",0
83,False,"{'a': 0.5, 'e': 0.028598783568328984}",20,8,18.91193005182503,"{0: 12, 1: 0, 2: 0, 3: 0, 4: 0}",1
84,False,"{'a': 0.5, 'e': 0.0283306177371312}",20,5,26.724172429895933,"{0: 15, 1: 0, 2: 0, 3: 0, 4: 0}",1
85,False,"{'a': 0.5, 'e': 0.028068061836088006}",20,0,24.953206317686018,"{0: 20, 1: 0, 2: 0, 3: 0, 4: 0}",0
86,False,"{'a': 0.5, 'e': 0.02781093508083787}",25,15,18.19474950273677,"{0: 10, 1: 0, 2: 0, 3: 0, 4: 0}",1
87,False,"{'a': 0.5, 'e': 0.02755906451322748}",20,10,17.622240718750206,"{0: 10, 1: 0, 2: 0, 3: 0, 4: 0}",1
88,False,"{'a': 0.5, 'e': 0.027312284577790277}",20,12,17.425001463173988,"{0: 8, 1: 0, 2: 0, 3: 0, 4: 0}",1
89,False,"{'a': 0.5, 'e': 0.027070436725629792}",35,11,29.553272646787555,"{0: 23, 1: 1, 2: 0, 3: 0, 4: 0}",1
90,False,"{'a': 0.5, 'e': 0.026833369043650725}",20,6,13.717055720229181,"{0: 13, 1: 1, 2: 0, 3: 0, 4: 0}",1
91,False,"{'a': 0.5, 'e': 0.02660093590725552}",20,9,19.26273749573967,"{0: 11, 1: 0, 2: 0, 3: 0, 4: 0}",1
92,False,"{'a': 0.5, 'e': 0.0263729976547833}",25,9,26.917572975809726,"{0: 16, 1: 0, 2: 0, 3: 0, 4: 0}",1
93,False,"{'a': 0.5, 'e': 0.026149420282111323}",30,10,25.90218257420484,"{0: 20, 1: 0, 2: 0, 3: 0, 4: 0}",1
94,False,"{'a': 0.5, 'e': 0.025930075155969724}",20,9,17.184456922131382,"{0: 11, 1: 0, 2: 0, 3: 0, 4: 0}",1
95,False,"{'a': 0.5, 'e': 0.0257148387446384}",25,13,23.65484806209873,"{0: 12, 1: 0, 2: 0, 3: 0, 4: 0}",1
96,False,"{'a': 0.5, 'e': 0.025503592364802593}",20,9,17.597566004526676,"{0: 11, 1: 0, 2: 0, 3: 0, 4: 0}",1
97,False,"{'a': 0.5, 'e': 0.025296221943441482}",25,8,23.9378401328163,"{0: 17, 1: 0, 2: 0, 3: 0, 4: 0}",1
98,False,"{'a': 0.5, 'e': 0.025092617793713107}",30,12,6.124349494755347,"{0: 17, 1: 0, 2: 0, 3: 1, 4: 0}",1
99,False,"{'a': 0.5, 'e': 0.024892674403880297}",20,10,14.699229434862222,"{0: 10, 1: 0, 2: 0, 3: 0, 4: 0}",1
100,False,"{'a': 0.5, 'e': 0.024696290238396222}",25,8,33.83404061354553,"{0: 17, 1: 0, 2: 0, 3: 0, 4: 0}",1
101,False,"{'a': 0.5, 'e': 0.024503367550335983}",30,12,27.955118282956192,"{0: 18, 1: 0, 2: 0, 3: 0, 4: 0}",1
102,False,"{'a': 0.5, 'e': 0.024313812204422483}",30,8,36.88619239517856,"{0: 22, 1: 0, 2: 0, 3: 0, 4: 0}",1
103,False,"{'a': 0.5, 'e': 0.024127533509951376}",20,15,8.868842914896595,"{0: 5, 1: 0, 2: 0, 3: 0, 4: 0}",1
104,False,"{'a': 0.5, 'e': 0.023944444062971817}",25,14,16.589194857589206,"{0: 11, 1: 0, 2: 0, 3: 0, 4: 0}",1
105,False,"{'a': 0.5, 'e': 0.02376445959712723}",25,6,29.35517842587017,"{0: 19, 1: 0, 2: 0, 3: 0, 4: 0}",1
106,False,"{'a': 0.5, 'e': 0.023587498842603884}",20,14,11.066132646829082,"{0: 6, 1: 0, 2: 0, 3: 0, 4: 0}",1
107,False,"{'a': 0.5, 'e': 0.023413483392675107}",30,11,35.74738304463118,"{0: 19, 1: 0, 2: 0, 3: 0, 4: 0}",1
108,False,"{'a': 0.5, 'e': 0.02324233757736578}",20,1,26.458434745245523,"{0: 19, 1: 0, 2: 0, 3: 0, 4: 0}",1
109,False,"{'a': 0.5, 'e': 0.023073988343795555}",30,14,19.782180678418587,"{0: 16, 1: 0, 2: 0, 3: 0, 4: 0}",1
110,False,"{'a': 0.5, 'e': 0.022908365142790377}",25,11,22.45501360350621,"{0: 14, 1: 0, 2: 0, 3: 0, 4: 0}",1
111,False,"{'a': 0.5, 'e': 0.022745399821380616}",20,8,17.430648706254836,"{0: 12, 1: 0, 2: 0, 3: 0, 4: 0}",1
112,False,"{'a': 0.5, 'e': 0.022585026520830456}",20,11,15.435887159953236,"{0: 9, 1: 0, 2: 0, 3: 0, 4: 0}",1
113,False,"{'a': 0.5, 'e': 0.022427181579867714}",20,7,14.015720592159852,"{0: 13, 1: 0, 2: 0, 3: 0, 4: 0}",1
114,False,"{'a': 0.5, 'e': 0.02227180344280563}",25,7,31.10599096565022,"{0: 18, 1: 0, 2: 0, 3: 0, 4: 0}",1
115,False,"{'a': 0.5, 'e': 0.02211883257226917}",25,2,36.97309444897675,"{0: 23, 1: 0, 2: 0, 3: 0, 4: 0}",1
116,False,"{'a': 0.5, 'e': 0.02196821136625736}",20,13,11.937994980515718,"{0: 7, 1: 0, 2: 0, 3: 0, 4: 0}",1
117,False,"{'a': 0.5, 'e': 0.021819884079291158}",25,8,26.82342133566365,"{0: 17, 1: 0, 2: 0, 3: 0, 4: 0}",1
118,False,"{'a': 0.5, 'e': 0.02167379674741285}",30,18,22.53675328563917,"{0: 12, 1: 0, 2: 0, 3: 0, 4: 0}",1
119,False,"{'a': 0.5, 'e': 0.021529897116818037}",20,10,5.425606924539979,"{0: 9, 1: 0, 2: 1, 3: 0, 4: 0}",1
120,False,"{'a': 0.5, 'e': 0.02138813457591563}",25,8,23.814266303011443,"{0: 17, 1: 0, 2: 0, 3: 0, 4: 0}",1
121,False,"{'a': 0.5, 'e': 0.021248460090624262}",25,6,-13.42962714011847,"{0: 18, 1: 0, 2: 0, 3: 0, 4: 1}",1
122,False,"{'a': 0.5, 'e': 0.021110826142725785}",30,15,26.715867063066568,"{0: 15, 1: 0, 2: 0, 3: 0, 4: 0}",1
123,False,"{'a': 0.5, 'e': 0.020975186671107777}",20,3,24.52388684942618,"{0: 17, 1: 0, 2: 0, 3: 0, 4: 0}",1
124,False,"{'a': 0.5, 'e': 0.020841497015737526}",20,0,30.113002426050762,"{0: 20, 1: 0, 2: 0, 3: 0, 4: 0}",0
125,False,"{'a': 0.5, 'e': 0.020709713864219763}",20,13,11.982635056277866,"{0: 7, 1: 0, 2: 0, 3: 0, 4: 0}",1
126,False,"{'a': 0.5, 'e': 0.020579795200799455}",25,9,18.315315537354024,"{0: 15, 1: 0, 2: 1, 3: 0, 4: 0}",1
127,False,"{'a': 0.5, 'e': 0.020451700257679478}",30,19,21.061014579445057,"{0: 11, 1: 0, 2: 0, 3: 0, 4: 0}",1
128,False,"{'a': 0.5, 'e': 0.02032538946853093}",20,9,20.153229364556637,"{0: 11, 1: 0, 2: 0, 3: 0, 4: 0}",1
129,False,"{'a': 0.5, 'e': 0.020200824424081013}",30,17,19.930010624889952,"{0: 13, 1: 0, 2: 0, 3: 0, 4: 0}",1
130,False,"{'a': 0.5, 'e': 0.020077967829670616}",20,0,30.979828555942948,"{0: 20, 1: 0, 2: 0, 3: 0, 4: 0}",0
131,False,"{'a': 0.5, 'e': 0.019956783464679714}",20,9,19.753587270275514,"{0: 11, 1: 0, 2: 0, 3: 0, 4: 0}",1
132,False,"{'a': 0.5, 'e': 0.019837236143725012}",25,14,15.022952950307648,"{0: 11, 1: 0, 2: 0, 3: 0, 4: 0}",1
133,False,"{'a': 0.5, 'e': 0.019719291679539702}",35,0,52.10090450204317,"{0: 35, 1: 0, 2: 0, 3: 0, 4: 0}",0
134,False,"{'a': 0.5, 'e': 0.019602916847450413}",25,0,40.02170838445303,"{0: 25, 1: 0, 2: 0, 3: 0, 4: 0}",0
135,False,"{'a': 0.5, 'e': 0.019488079351371347}",25,0,25.248181345847442,"{0: 24, 1: 0, 2: 1, 3: 0, 4: 0}",0
136,False,"{'a': 0.5, 'e': 0.019374747791240172}",25,15,19.942976404018673,"{0: 10, 1: 0, 2: 0, 3: 0, 4: 0}",1
137,False,"{'a': 0.5, 'e': 0.019262891631824486}",25,3,35.4721087052527,"{0: 22, 1: 0, 2: 0, 3: 0, 4: 0}",1
138,False,"{'a': 0.5, 'e': 0.019152481172831665}",25,13,20.22453414340912,"{0: 12, 1: 0, 2: 0, 3: 0, 4: 0}",1
139,False,"{'a': 0.5, 'e': 0.019043487520258702}",35,23,22.389990602511933,"{0: 12, 1: 0, 2: 0, 3: 0, 4: 0}",1
140,False,"{'a': 0.5, 'e': 0.01893588255892211}",20,6,-3.191363740322741,"{0: 12, 1: 0, 2: 2, 3: 0, 4: 0}",1
141,False,"{'a': 0.5, 'e': 0.018829638926111312}",30,12,34.359638350934425,"{0: 18, 1: 0, 2: 0, 3: 0, 4: 0}",1
142,False,"{'a': 0.5, 'e': 0.01872472998631193}",20,8,20.60744490159583,"{0: 12, 1: 0, 2: 0, 3: 0, 4: 0}",1
143,False,"{'a': 0.5, 'e': 0.018621129806948484}",20,13,13.284471780306019,"{0: 7, 1: 0, 2: 0, 3: 0, 4: 0}",1
144,False,"{'a': 0.5, 'e': 0.018518813135098497}",20,0,30.697372726804513,"{0: 20, 1: 0, 2: 0, 3: 0, 4: 0}",1
145,False,"{'a': 0.5, 'e': 0.018417755375132787}",25,6,30.626807369056888,"{0: 19, 1: 0, 2: 0, 3: 0, 4: 0}",1
146,False,"{'a': 0.5, 'e': 0.018317932567238935}",30,8,33.17999325376348,"{0: 21, 1: 1, 2: 0, 3: 0, 4: 0}",1
147,False,"{'a': 0.5, 'e': 0.01821932136678741}",20,13,13.448448210413614,"{0: 7, 1: 0, 2: 0, 3: 0, 4: 0}",1
148,False,"{'a': 0.5, 'e': 0.01812189902450173}",20,16,4.641572389262406,"{0: 4, 1: 0, 2: 0, 3: 0, 4: 0}",1
149,False,"{'a': 0.5, 'e': 0.01802564336739619}",35,19,25.508565647055104,"{0: 16, 1: 0, 2: 0, 3: 0, 4: 0}",1
150,False,"{'a': 0.5, 'e': 0.017930532780446592}",20,16,8.437134623670989,"{0: 4, 1: 0, 2: 0, 3: 0, 4: 0}",1
151,False,"{'a': 0.5, 'e': 0.017836546188961033}",30,24,8.029124083248588,"{0: 6, 1: 0, 2: 0, 3: 0, 4: 0}",1
152,False,"{'a': 0.5, 'e': 0.017743663041619714}",20,13,14.669695672224004,"{0: 7, 1: 0, 2: 0, 3: 0, 4: 0}",1
153,False,"{'a': 0.5, 'e': 0.017651863294154083}",20,7,3.777907465601419,"{0: 12, 1: 0, 2: 0, 3: 1, 4: 0}",1
154,False,"{'a': 0.5, 'e': 0.017561127393637296}",20,11,16.328252590557433,"{0: 9, 1: 0, 2: 0, 3: 0, 4: 0}",1
155,False,"{'a': 0.5, 'e': 0.017471436263359286}",20,9,17.437639416017035,"{0: 11, 1: 0, 2: 0, 3: 0, 4: 0}",1
156,False,"{'a': 0.5, 'e': 0.017382771288261073}",20,0,32.35159741597244,"{0: 20, 1: 0, 2: 0, 3: 0, 4: 0}",0
157,False,"{'a': 0.5, 'e': 0.017295114300904264}",25,1,-9.854788463599634,"{0: 23, 1: 0, 2: 0, 3: 0, 4: 1}",1
158,False,"{'a': 0.5, 'e': 0.01720844756795277}",20,14,9.867487050844197,"{0: 6, 1: 0, 2: 0, 3: 0, 4: 0}",1
159,False,"{'a': 0.5, 'e': 0.01712275377714497}",20,6,13.176093340042222,"{0: 13, 1: 0, 2: 1, 3: 0, 4: 0}",1
160,False,"{'a': 0.5, 'e': 0.0170380160247356}",25,19,10.548522413900123,"{0: 6, 1: 0, 2: 0, 3: 0, 4: 0}",1
161,False,"{'a': 0.5, 'e': 0.016954217803387586}",25,15,9.179998510608051,"{0: 9, 1: 0, 2: 1, 3: 0, 4: 0}",1
162,False,"{'a': 0.5, 'e': 0.01687134299049507}",25,19,10.274117781202868,"{0: 6, 1: 0, 2: 0, 3: 0, 4: 0}",1
163,False,"{'a': 0.5, 'e': 0.0167893758369197}",20,5,27.293150986523262,"{0: 15, 1: 0, 2: 0, 3: 0, 4: 0}",1
164,False,"{'a': 0.5, 'e': 0.016708300956123145}",20,7,19.647917428270116,"{0: 13, 1: 0, 2: 0, 3: 0, 4: 0}",1
165,False,"{'a': 0.5, 'e': 0.016628103313679598}",25,8,30.22537025828271,"{0: 17, 1: 0, 2: 0, 3: 0, 4: 0}",1
166,False,"{'a': 0.5, 'e': 0.01654876821715275}",30,22,18.71740182201459,"{0: 8, 1: 0, 2: 0, 3: 0, 4: 0}",1
167,False,"{'a': 0.5, 'e': 0.016470281306322502}",20,11,14.4757821648437,"{0: 9, 1: 0, 2: 0, 3: 0, 4: 0}",1
168,False,"{'a': 0.5, 'e': 0.01639262854374729}",20,12,15.50578789422118,"{0: 8, 1: 0, 2: 0, 3: 0, 4: 0}",1
169,False,"{'a': 0.5, 'e': 0.016315796205648627}",25,12,21.89730482738762,"{0: 13, 1: 0, 2: 0, 3: 0, 4: 0}",1
170,False,"{'a': 0.5, 'e': 0.016239770873104995}",20,4,31.73385563855098,"{0: 16, 1: 0, 2: 0, 3: 0, 4: 0}",1
171,False,"{'a': 0.5, 'e': 0.016164539423542873}",25,8,26.428796178618377,"{0: 17, 1: 0, 2: 0, 3: 0, 4: 0}",1
172,False,"{'a': 0.5, 'e': 0.0160900890225132}",25,6,31.246919732927825,"{0: 19, 1: 0, 2: 0, 3: 0, 4: 0}",1
173,False,"{'a': 0.5, 'e': 0.016016407115742128}",25,10,27.38545633646127,"{0: 15, 1: 0, 2: 0, 3: 0, 4: 0}",1
174,False,"{'a': 0.5, 'e': 0.01594348142144533}",25,14,17.43387520929852,"{0: 11, 1: 0, 2: 0, 3: 0, 4: 0}",1
175,False,"{'a': 0.5, 'e': 0.01587129992289578}",20,2,31.225979710734475,"{0: 18, 1: 0, 2: 0, 3: 0, 4: 0}",1
176,False,"{'a': 0.5, 'e': 0.015799850861235167}",30,18,19.609766074597673,"{0: 12, 1: 0, 2: 0, 3: 0, 4: 0}",1
177,False,"{'a': 0.5, 'e': 0.01572912272851966}",20,6,26.389389947651242,"{0: 14, 1: 0, 2: 0, 3: 0, 4: 0}",1
178,False,"{'a': 0.5, 'e': 0.015659104260991104}",20,0,27.087171788668176,"{0: 20, 1: 0, 2: 0, 3: 0, 4: 0}",0
179,False,"{'a': 0.5, 'e': 0.015589784432565179}",30,12,25.346576939111035,"{0: 18, 1: 0, 2: 0, 3: 0, 4: 0}",1
180,False,"{'a': 0.5, 'e': 0.015521152448528254}",25,5,32.174895524409784,"{0: 20, 1: 0, 2: 0, 3: 0, 4: 0}",1
181,False,"{'a': 0.5, 'e': 0.015453197739435256}",20,16,8.860324112370135,"{0: 4, 1: 0, 2: 0, 3: 0, 4: 0}",1
182,False,"{'a': 0.5, 'e': 0.015385909955200974}",20,0,31.043193829559208,"{0: 20, 1: 0, 2: 0, 3: 0, 4: 0}",0
183,False,"{'a': 0.5, 'e': 0.015319278959377722}",20,5,21.565075224166396,"{0: 15, 1: 0, 2: 0, 3: 0, 4: 0}",1
184,False,"{'a': 0.5, 'e': 0.015253294823612467}",20,7,26.721302218404926,"{0: 13, 1: 0, 2: 0, 3: 0, 4: 0}",1
185,False,"{'a': 0.5, 'e': 0.015187947822276837}",30,2,35.751853618878236,"{0: 28, 1: 0, 2: 0, 3: 0, 4: 0}",1
186,False,"{'a': 0.5, 'e': 0.015123228427263795}",25,7,31.581416891316266,"{0: 18, 1: 0, 2: 0, 3: 0, 4: 0}",1
187,False,"{'a': 0.5, 'e': 0.015059127302944848}",20,10,17.264164908951983,"{0: 10, 1: 0, 2: 0, 3: 0, 4: 0}",1
188,False,"{'a': 0.5, 'e': 0.014995635301282085}",25,16,15.65425188716641,"{0: 9, 1: 0, 2: 0, 3: 0, 4: 0}",1
189,False,"{'a': 0.5, 'e': 0.014932743457089467}",25,8,34.193671755631435,"{0: 17, 1: 0, 2: 0, 3: 0, 4: 0}",1
190,False,"{'a': 0.5, 'e': 0.014870442983438065}",25,11,24.04606930174613,"{0: 14, 1: 0, 2: 0, 3: 0, 4: 0}",1
191,False,"{'a': 0.5, 'e': 0.01480872526720012}",20,16,6.507864898143561,"{0: 4, 1: 0, 2: 0, 3: 0, 4: 0}",1
192,False,"{'a': 0.5, 'e': 0.01474758186472707}",20,8,21.1576096437183,"{0: 12, 1: 0, 2: 0, 3: 0, 4: 0}",1
193,False,"{'a': 0.5, 'e': 0.014687004497656815}",20,12,9.782573029764254,"{0: 8, 1: 0, 2: 0, 3: 0, 4: 0}",1
194,False,"{'a': 0.5, 'e': 0.014626985048845721}",30,13,27.851023738439224,"{0: 17, 1: 0, 2: 0, 3: 0, 4: 0}",1
195,False,"{'a': 0.5, 'e': 0.014567515558421024}",20,6,22.69613625922225,"{0: 14, 1: 0, 2: 0, 3: 0, 4: 0}",1
196,False,"{'a': 0.5, 'e': 0.014508588219949499}",25,5,38.529303255106846,"{0: 20, 1: 0, 2: 0, 3: 0, 4: 0}",1
197,False,"{'a': 0.5, 'e': 0.01445019537671838}",20,15,7.784893582244589,"{0: 5, 1: 0, 2: 0, 3: 0, 4: 0}",1
198,False,"{'a': 0.5, 'e': 0.014392329518124681}",25,20,7.66443110906229,"{0: 5, 1: 0, 2: 0, 3: 0, 4: 0}",1
199,False,"{'a': 0.5, 'e': 0.014334983276169269}",25,20,10.60260108674079,"{0: 5, 1: 0, 2: 0, 3: 0, 4: 0}",1
200,False,"{'a': 0.5, 'e': 0.01427814942205211}",25,14,9.902115645273867,"{0: 10, 1: 0, 2: 1, 3: 0, 4: 0}",1
201,False,"{'a': 0.5, 'e': 0.01422182086286528}",25,15,19.589182945168766,"{0: 10, 1: 0, 2: 0, 3: 0, 4: 0}",1
202,False,"{'a': 0.5, 'e': 0.014165990638380511}",20,12,14.335688082777068,"{0: 8, 1: 0, 2: 0, 3: 0, 4: 0}",1
203,False,"{'a': 0.5, 'e': 0.014110651917928037}",20,9,19.654869110148464,"{0: 11, 1: 0, 2: 0, 3: 0, 4: 0}",1
204,False,"{'a': 0.5, 'e': 0.014055797997363796}",30,0,45.458797086417654,"{0: 30, 1: 0, 2: 0, 3: 0, 4: 0}",0
205,False,"{'a': 0.5, 'e': 0.014001422296122014}",25,13,17.778574796872928,"{0: 12, 1: 0, 2: 0, 3: 0, 4: 0}",1
206,False,"{'a': 0.5, 'e': 0.013947518354350381}",20,8,24.63643557574486,"{0: 12, 1: 0, 2: 0, 3: 0, 4: 0}",1
207,False,"{'a': 0.5, 'e': 0.01389407983012514}",20,7,13.029801498060936,"{0: 12, 1: 1, 2: 0, 3: 0, 4: 0}",1
208,False,"{'a': 0.5, 'e': 0.013841100496743435}",20,10,13.449995835309007,"{0: 10, 1: 0, 2: 0, 3: 0, 4: 0}",1
209,False,"{'a': 0.5, 'e': 0.013788574240090473}",20,9,19.946511078708525,"{0: 11, 1: 0, 2: 0, 3: 0, 4: 0}",1
210,False,"{'a': 0.5, 'e': 0.013736495056079047}",20,8,10.885717231415159,"{0: 11, 1: 0, 2: 1, 3: 0, 4: 0}",1
211,False,"{'a': 0.5, 'e': 0.013684857048159142}",20,12,17.672927895498784,"{0: 8, 1: 0, 2: 0, 3: 0, 4: 0}",1
212,False,"{'a': 0.5, 'e': 0.013633654424895301}",20,6,8.655900588810638,"{0: 13, 1: 0, 2: 1, 3: 0, 4: 0}",1
213,False,"{'a': 0.5, 'e': 0.013582881497609731}",25,17,12.65071021004673,"{0: 8, 1: 0, 2: 0, 3: 0, 4: 0}",1
214,False,"{'a': 0.5, 'e': 0.013532532678088913}",20,6,23.108654953717178,"{0: 14, 1: 0, 2: 0, 3: 0, 4: 0}",1
215,False,"{'a': 0.5, 'e': 0.01348260247635186}",20,12,11.577305221357676,"{0: 8, 1: 0, 2: 0, 3: 0, 4: 0}",1
216,False,"{'a': 0.5, 'e': 0.013433085498477984}",35,13,29.545837027044744,"{0: 22, 1: 0, 2: 0, 3: 0, 4: 0}",1
217,False,"{'a': 0.5, 'e': 0.013383976444492773}",20,3,28.431493129035037,"{0: 17, 1: 0, 2: 0, 3: 0, 4: 0}",1
218,False,"{'a': 0.5, 'e': 0.013335270106309458}",20,6,24.38021254020777,"{0: 14, 1: 0, 2: 0, 3: 0, 4: 0}",1
219,False,"{'a': 0.5, 'e': 0.013286961365724936}",20,8,16.812534895664037,"{0: 12, 1: 0, 2: 0, 3: 0, 4: 0}",1
220,False,"{'a': 0.5, 'e': 0.013239045192468319}",20,6,24.84804285911725,"{0: 14, 1: 0, 2: 0, 3: 0, 4: 0}",1
221,False,"{'a': 0.5, 'e': 0.013191516642300404}",25,13,23.10729309752734,"{0: 12, 1: 0, 2: 0, 3: 0, 4: 0}",1
222,False,"{'a': 0.5, 'e': 0.01314437085516265}",25,13,-21.798946706258874,"{0: 11, 1: 0, 2: 0, 3: 0, 4: 1}",1
223,False,"{'a': 0.5, 'e': 0.013097603053374011}",25,15,-4.8795174770496885,"{0: 9, 1: 0, 2: 0, 3: 1, 4: 0}",1
224,False,"{'a': 0.5, 'e': 0.013051208539874286}",20,5,25.69171499476853,"{0: 15, 1: 0, 2: 0, 3: 0, 4: 0}",1
225,False,"{'a': 0.5, 'e': 0.013005182696512543}",20,0,29.19580481678978,"{0: 20, 1: 0, 2: 0, 3: 0, 4: 0}",0
226,False,"{'a': 0.5, 'e': 0.012959520982379253}",30,15,27.434468483632795,"{0: 15, 1: 0, 2: 0, 3: 0, 4: 0}",1
227,False,"{'a': 0.5, 'e': 0.01291421893218088}",25,14,18.36667876022571,"{0: 11, 1: 0, 2: 0, 3: 0, 4: 0}",1
228,False,"{'a': 0.5, 'e': 0.012869272154655609}",30,13,29.940038099198123,"{0: 17, 1: 0, 2: 0, 3: 0, 4: 0}",1
229,False,"{'a': 0.5, 'e': 0.01282467633102902}",20,9,20.239482722023165,"{0: 11, 1: 0, 2: 0, 3: 0, 4: 0}",1
230,False,"{'a': 0.5, 'e': 0.012780427213508562}",20,10,17.731803567405127,"{0: 10, 1: 0, 2: 0, 3: 0, 4: 0}",1
231,False,"{'a': 0.5, 'e': 0.012736520623815618}",20,14,10.639245509741931,"{0: 6, 1: 0, 2: 0, 3: 0, 4: 0}",1
232,False,"{'a': 0.5, 'e': 0.012692952451754148}",20,14,12.436366379311497,"{0: 6, 1: 0, 2: 0, 3: 0, 4: 0}",1
233,False,"{'a': 0.5, 'e': 0.012649718653814776}",25,13,19.266764303542253,"{0: 12, 1: 0, 2: 0, 3: 0, 4: 0}",1
234,False,"{'a': 0.5, 'e': 0.012606815251813336}",20,12,17.063865325653513,"{0: 8, 1: 0, 2: 0, 3: 0, 4: 0}",1
235,False,"{'a': 0.5, 'e': 0.01256423833156287}",20,9,22.993202937560124,"{0: 11, 1: 0, 2: 0, 3: 0, 4: 0}",1
236,False,"{'a': 0.5, 'e': 0.012521984041578128}",20,10,19.616908024291828,"{0: 10, 1: 0, 2: 0, 3: 0, 4: 0}",1
237,False,"{'a': 0.5, 'e': 0.01248004859181162}",25,19,13.351017245911375,"{0: 6, 1: 0, 2: 0, 3: 0, 4: 0}",1
238,False,"{'a': 0.5, 'e': 0.012438428252420341}",25,12,20.7945419524533,"{0: 13, 1: 0, 2: 0, 3: 0, 4: 0}",1
239,False,"{'a': 0.5, 'e': 0.012397119352562314}",25,20,10.098825123772263,"{0: 5, 1: 0, 2: 0, 3: 0, 4: 0}",1
240,False,"{'a': 0.5, 'e': 0.01235611827922205}",20,9,20.970048337740643,"{0: 11, 1: 0, 2: 0, 3: 0, 4: 0}",1
241,False,"{'a': 0.5, 'e': 0.012315421476064193}",20,10,17.170911749091697,"{0: 10, 1: 0, 2: 0, 3: 0, 4: 0}",1
242,False,"{'a': 0.5, 'e': 0.012275025442314498}",30,16,21.7891278468214,"{0: 14, 1: 0, 2: 0, 3: 0, 4: 0}",1
243,False,"{'a': 0.5, 'e': 0.012234926731667414}",30,18,21.439161769523167,"{0: 12, 1: 0, 2: 0, 3: 0, 4: 0}",1
244,False,"{'a': 0.5, 'e': 0.012195121951219511}",25,10,27.23980027988614,"{0: 15, 1: 0, 2: 0, 3: 0, 4: 0}",1
245,False,"{'a': 0.5, 'e': 0.01215560776042806}",20,3,25.86101060738348,"{0: 17, 1: 0, 2: 0, 3: 0, 4: 0}",1
246,False,"{'a': 0.5, 'e': 0.01211638087009406}",30,15,27.140565567362483,"{0: 15, 1: 0, 2: 0, 3: 0, 4: 0}",1
247,False,"{'a': 0.5, 'e': 0.012077438041369041}",35,18,32.45617920649923,"{0: 17, 1: 0, 2: 0, 3: 0, 4: 0}",1
248,False,"{'a': 0.5, 'e': 0.01203877608478499}",20,0,27.198019716698155,"{0: 20, 1: 0, 2: 0, 3: 0, 4: 0}",0
249,False,"{'a': 0.5, 'e': 0.012000391859306786}",30,19,21.04183616670368,"{0: 11, 1: 0, 2: 0, 3: 0, 4: 0}",1
250,False,"{'a': 0.5, 'e': 0.01196228227140653}",25,20,10.72899764906974,"{0: 5, 1: 0, 2: 0, 3: 0, 4: 0}",1
251,False,"{'a': 0.5, 'e': 0.011924444274159157}",20,8,20.972246791553992,"{0: 12, 1: 0, 2: 0, 3: 0, 4: 0}",1
252,False,"{'a': 0.5, 'e': 0.011886874866358794}",25,12,23.346100268121244,"{0: 13, 1: 0, 2: 0, 3: 0, 4: 0}",1
253,False,"{'a': 0.5, 'e': 0.011849571091655275}",30,16,28.06303639199334,"{0: 14, 1: 0, 2: 0, 3: 0, 4: 0}",1
254,False,"{'a': 0.5, 'e': 0.01181253003771031}",25,5,30.235035445872093,"{0: 20, 1: 0, 2: 0, 3: 0, 4: 0}",1
255,False,"{'a': 0.5, 'e': 0.011775748835372737}",20,10,16.355430215362787,"{0: 10, 1: 0, 2: 0, 3: 0, 4: 0}",1
256,False,"{'a': 0.5, 'e': 0.011739224657872417}",25,0,34.55667727378845,"{0: 25, 1: 0, 2: 0, 3: 0, 4: 0}",0
257,False,"{'a': 0.5, 'e': 0.011702954720032218}",20,6,26.77698616228318,"{0: 14, 1: 0, 2: 0, 3: 0, 4: 0}",1
258,False,"{'a': 0.5, 'e': 0.011666936277497647}",20,11,13.771086950410567,"{0: 9, 1: 0, 2: 0, 3: 0, 4: 0}",1
259,False,"{'a': 0.5, 'e': 0.011631166625983678}",30,20,16.82290567142863,"{0: 10, 1: 0, 2: 0, 3: 0, 4: 0}",1
260,False,"{'a': 0.5, 'e': 0.01159564310053828}",20,10,21.48158659982441,"{0: 10, 1: 0, 2: 0, 3: 0, 4: 0}",1
261,False,"{'a': 0.5, 'e': 0.011560363074822284}",30,22,14.51224912032477,"{0: 8, 1: 0, 2: 0, 3: 0, 4: 0}",1
262,False,"{'a': 0.5, 'e': 0.011525323960405091}",30,17,22.33558390162606,"{0: 13, 1: 0, 2: 0, 3: 0, 4: 0}",1
263,False,"{'a': 0.5, 'e': 0.011490523206075859}",20,3,29.460029260681406,"{0: 17, 1: 0, 2: 0, 3: 0, 4: 0}",1
264,False,"{'a': 0.5, 'e': 0.011455958297169774}",25,14,22.528322763947756,"{0: 11, 1: 0, 2: 0, 3: 0, 4: 0}",1
265,False,"{'a': 0.5, 'e': 0.011421626754908987}",25,8,31.180819270384347,"{0: 17, 1: 0, 2: 0, 3: 0, 4: 0}",1
266,False,"{'a': 0.5, 'e': 0.011387526135757881}",25,7,33.99451752640421,"{0: 18, 1: 0, 2: 0, 3: 0, 4: 0}",1
267,False,"{'a': 0.5, 'e': 0.01135365403079227}",30,13,30.721694219481044,"{0: 17, 1: 0, 2: 0, 3: 0, 4: 0}",1
268,False,"{'a': 0.5, 'e': 0.011320008065082198}",20,0,27.03151041149505,"{0: 20, 1: 0, 2: 0, 3: 0, 4: 0}",1
269,False,"{'a': 0.5, 'e': 0.01128658589708801}",20,12,15.741705223957139,"{0: 8, 1: 0, 2: 0, 3: 0, 4: 0}",1
270,False,"{'a': 0.5, 'e': 0.011253385218069307}",30,9,36.381037292375495,"{0: 21, 1: 0, 2: 0, 3: 0, 4: 0}",1
271,False,"{'a': 0.5, 'e': 0.011220403751506541}",25,16,16.828998279810747,"{0: 9, 1: 0, 2: 0, 3: 0, 4: 0}",1
272,False,"{'a': 0.5, 'e': 0.011187639252534866}",25,15,17.291446134337388,"{0: 10, 1: 0, 2: 0, 3: 0, 4: 0}",1
273,False,"{'a': 0.5, 'e': 0.011155089507389972}",20,8,23.618451868173945,"{0: 12, 1: 0, 2: 0, 3: 0, 4: 0}",1
274,False,"{'a': 0.5, 'e': 0.011122752332865615}",25,7,27.937190349558474,"{0: 18, 1: 0, 2: 0, 3: 0, 4: 0}",1
275,False,"{'a': 0.5, 'e': 0.011090625575782529}",20,14,10.6893396175934,"{0: 6, 1: 0, 2: 0, 3: 0, 4: 0}",1
276,False,"{'a': 0.5, 'e': 0.011058707112468466}",20,4,25.430413982599575,"{0: 16, 1: 0, 2: 0, 3: 0, 4: 0}",1
277,False,"{'a': 0.5, 'e': 0.011026994848249065}",25,13,21.934192236407753,"{0: 12, 1: 0, 2: 0, 3: 0, 4: 0}",1
278,False,"{'a': 0.5, 'e': 0.010995486716949318}",20,2,27.122963594469255,"{0: 18, 1: 0, 2: 0, 3: 0, 4: 0}",1
279,False,"{'a': 0.5, 'e': 0.01096418068040534}",20,9,24.296055901080784,"{0: 11, 1: 0, 2: 0, 3: 0, 4: 0}",1
280,False,"{'a': 0.5, 'e': 0.010933074727986231}",20,14,11.737380453700975,"{0: 6, 1: 0, 2: 0, 3: 0, 4: 0}",1
281,False,"{'a': 0.5, 'e': 0.010902166876125753}",25,15,20.477864353120868,"{0: 10, 1: 0, 2: 0, 3: 0, 4: 0}",1
282,False,"{'a': 0.5, 'e': 0.010871455167863607}",25,15,18.097974251075733,"{0: 10, 1: 0, 2: 0, 3: 0, 4: 0}",1
283,False,"{'a': 0.5, 'e': 0.010840937672396083}",30,18,20.122499286226994,"{0: 12, 1: 0, 2: 0, 3: 0, 4: 0}",1
284,False,"{'a': 0.5, 'e': 0.010810612484635827}",25,14,20.2200130248715,"{0: 11, 1: 0, 2: 0, 3: 0, 4: 0}",1
285,False,"{'a': 0.5, 'e': 0.010780477724780566}",25,20,11.013312993660636,"{0: 5, 1: 0, 2: 0, 3: 0, 4: 0}",1
286,False,"{'a': 0.5, 'e': 0.010750531537890507}",25,15,17.62546840134067,"{0: 10, 1: 0, 2: 0, 3: 0, 4: 0}",1
287,False,"{'a': 0.5, 'e': 0.010720772093474277}",20,10,14.945701027574257,"{0: 10, 1: 0, 2: 0, 3: 0, 4: 0}",1
288,False,"{'a': 0.5, 'e': 0.010691197585083143}",20,9,22.506985028450387,"{0: 11, 1: 0, 2: 0, 3: 0, 4: 0}",1
289,False,"{'a': 0.5, 'e': 0.010661806229913367}",20,8,16.57914297652666,"{0: 12, 1: 0, 2: 0, 3: 0, 4: 0}",1
290,False,"{'a': 0.5, 'e': 0.010632596268416464}",25,7,33.904475865541734,"{0: 18, 1: 0, 2: 0, 3: 0, 4: 0}",1
291,False,"{'a': 0.5, 'e': 0.010603565963917198}",30,12,27.982551342414077,"{0: 18, 1: 0, 2: 0, 3: 0, 4: 0}",1
292,False,"{'a': 0.5, 'e': 0.01057471360223916}",20,2,27.65556017587693,"{0: 18, 1: 0, 2: 0, 3: 0, 4: 0}",1
293,False,"{'a': 0.5, 'e': 0.010546037491337704}",20,15,9.381479939250303,"{0: 5, 1: 0, 2: 0, 3: 0, 4: 0}",1
294,False,"{'a': 0.5, 'e': 0.010517535960940102}",20,10,16.056713676410027,"{0: 10, 1: 0, 2: 0, 3: 0, 4: 0}",1
295,False,"{'a': 0.5, 'e': 0.010489207362192757}",25,5,33.89862666498704,"{0: 20, 1: 0, 2: 0, 3: 0, 4: 0}",1
296,False,"{'a': 0.5, 'e': 0.01046105006731529}",20,13,12.63111573512706,"{0: 7, 1: 0, 2: 0, 3: 0, 4: 0}",1
297,False,"{'a': 0.5, 'e': 0.01043306246926136}",20,13,11.739156678501677,"{0: 7, 1: 0, 2: 0, 3: 0, 4: 0}",1
298,False,"{'a': 0.5, 'e': 0.010405242981386073}",30,24,13.696725618713163,"{0: 6, 1: 0, 2: 0, 3: 0, 4: 0}",1
299,False,"{'a': 0.5, 'e': 0.010377590037119792}",20,11,15.514198673065787,"{0: 9, 1: 0, 2: 0, 3: 0, 4: 0}",1
300,False,"{'a': 0.5, 'e': 0.010350102089648257}",25,13,18.763565097727383,"{0: 12, 1: 0, 2: 0, 3: 0, 4: 0}",1
301,False,"{'a': 0.5, 'e': 0.010322777611598818}",25,0,40.27730673608437,"{0: 25, 1: 0, 2: 0, 3: 0, 4: 0}",0
302,False,"{'a': 0.5, 'e': 0.010295615094732698}",20,1,33.032440291232014,"{0: 19, 1: 0, 2: 0, 3: 0, 4: 0}",1
303,False,"{'a': 0.5, 'e': 0.010268613049643114}",20,9,22.0875583785292,"{0: 11, 1: 0, 2: 0, 3: 0, 4: 0}",1
304,False,"{'a': 0.5, 'e': 0.010241770005459118}",30,10,34.922513122658735,"{0: 20, 1: 0, 2: 0, 3: 0, 4: 0}",1
305,False,"{'a': 0.5, 'e': 0.010215084509555076}",20,0,27.845525822072076,"{0: 20, 1: 0, 2: 0, 3: 0, 4: 0}",0
306,False,"{'a': 0.5, 'e': 0.010188555127265627}",20,3,29.593282213586747,"{0: 17, 1: 0, 2: 0, 3: 0, 4: 0}",1
307,False,"{'a': 0.5, 'e': 0.010162180441605979}",30,13,32.73603049374604,"{0: 17, 1: 0, 2: 0, 3: 0, 4: 0}",1
308,False,"{'a': 0.5, 'e': 0.010135959052997506}",20,0,26.69972849206875,"{0: 20, 1: 0, 2: 0, 3: 0, 4: 0}",0
309,False,"{'a': 0.5, 'e': 0.010109889578998414}",20,10,18.701184669209404,"{0: 10, 1: 0, 2: 0, 3: 0, 4: 0}",1
310,False,"{'a': 0.5, 'e': 0.01008397065403948}",20,12,12.629728845724895,"{0: 8, 1: 0, 2: 0, 3: 0, 4: 0}",1
311,False,"{'a': 0.5, 'e': 0.010058200929164667}",20,12,15.471924812031496,"{0: 8, 1: 0, 2: 0, 3: 0, 4: 0}",1
312,False,"{'a': 0.5, 'e': 0.010032579071776562}",25,20,6.294263364331599,"{0: 5, 1: 0, 2: 0, 3: 0, 4: 0}",1
313,False,"{'a': 0.5, 'e': 0.010007103765386506}",30,17,26.578599502349167,"{0: 13, 1: 0, 2: 0, 3: 0, 4: 0}",1
314,False,"{'a': 0.5, 'e': 0.009981773709369318}",20,3,32.45549977907519,"{0: 17, 1: 0, 2: 0, 3: 0, 4: 0}",1
1,True,"{'a': 0, 'e': 0}",20,16,6.062395748911642,"{0: 4, 1: 0, 2: 0, 3: 0, 4: 0}",1
2,True,"{'a': 0, 'e': 0}",20,7,21.128759800470597,"{0: 13, 1: 0, 2: 0, 3: 0, 4: 0}",1
3,True,"{'a': 0, 'e': 0}",25,17,13.44929535063609,"{0: 8, 1: 0, 2: 0, 3: 0, 4: 0}",1
4,True,"{'a': 0, 'e': 0}",25,13,21.96274598481239,"{0: 12, 1: 0, 2: 0, 3: 0, 4: 0}",1
5,True,"{'a': 0, 'e': 0}",20,3,30.094862023630977,"{0: 17, 1: 0, 2: 0, 3: 0, 4: 0}",1
6,True,"{'a': 0, 'e': 0}",20,13,14.282436944807975,"{0: 7, 1: 0, 2: 0, 3: 0, 4: 0}",1
7,True,"{'a': 0, 'e': 0}",20,10,19.920197118012233,"{0: 10, 1: 0, 2: 0, 3: 0, 4: 0}",1
8,True,"{'a': 0, 'e': 0}",30,12,28.78929083536208,"{0: 18, 1: 0, 2: 0, 3: 0, 4: 0}",1
9,True,"{'a': 0, 'e': 0}",25,5,33.34753356237481,"{0: 20, 1: 0, 2: 0, 3: 0, 4: 0}",1
10,True,"{'a': 0, 'e': 0}",20,7,25.350925932810096,"{0: 13, 1: 0, 2: 0, 3: 0, 4: 0}",1
